metabolite,microbe,abs_grad,signed_grad,met_test_spearman
C01029_N8-Acetylspermidine,d__Bacteria;p__Proteobacteria;c__Gammaproteobacteria;o__Burkholderiales;f__Burkholderiaceae;g__Bordetella_A;s__Bordetella_A sp002261265,0.01513825791577498,0.01513825791577498,0.564763397066284
C02721_N-Methylalanine,d__Bacteria;p__Patescibacteria;c__Saccharimonadia;o__Saccharimonadales;f__Nanosyncoccaceae;g__Nanosyncoccus;s__Nanosyncoccus sp017552385,0.013170205677549044,0.013170205677549044,0.5651677334665617
C01996_Acetylcholine,d__Bacteria;p__Proteobacteria;c__Gammaproteobacteria;o__Burkholderiales;f__Burkholderiaceae;g__Bordetella_A;s__Bordetella_A sp002261265,0.01258588054527839,0.01258588054527839,0.5367211590554943
C00318_Carnitine,d__Bacteria;p__Patescibacteria;c__Saccharimonadia;o__Saccharimonadales;f__Nanosyncoccaceae;g__Nanosyncoccus;s__Nanosyncoccus sp017552385,0.012273270636796951,-0.012273270636796951,0.5187969924812029
C00300_Creatine,d__Bacteria;p__Patescibacteria;c__Saccharimonadia;o__Saccharimonadales;f__Nanosyncoccaceae;g__Nanosyncoccus;s__Nanosyncoccus sp017552385,0.012168818463881811,-0.012168818463881811,0.5593984962406015
C01585_Hexanoate,d__Bacteria;p__Patescibacteria;c__Saccharimonadia;o__Saccharimonadales;f__Nanosyncoccaceae;g__Nanosyncoccus;s__Nanosyncoccus sp017552385,0.012076867123444876,0.012076867123444876,0.5426453730673185
C00431_5-Aminovalerate,d__Bacteria;p__Proteobacteria;c__Gammaproteobacteria;o__Burkholderiales;f__Burkholderiaceae;g__Bordetella_A;s__Bordetella_A sp002261265,0.011584400509794554,0.011584400509794554,0.556390977443609
C01029_N8-Acetylspermidine,d__Bacteria;p__Proteobacteria;c__Gammaproteobacteria;o__Burkholderiales;f__Burkholderiaceae;g__Formosimonas;s__Formosimonas limnophila,0.011306496026615301,-0.011306496026615301,0.564763397066284
C02571_o-Acetylcarnitine,d__Bacteria;p__Proteobacteria;c__Gammaproteobacteria;o__Burkholderiales;f__Burkholderiaceae;g__Bordetella_A;s__Bordetella_A sp002261265,0.011289207575221857,0.011289207575221857,0.5033732864546128
C00431_5-Aminovalerate,d__Bacteria;p__Patescibacteria;c__Saccharimonadia;o__Saccharimonadales;f__Nanosyncoccaceae;g__Nanosyncoccus;s__Nanosyncoccus sp017552385,0.011144402126471201,-0.011144402126471201,0.556390977443609
-_Ophthalmate,d__Bacteria;p__Proteobacteria;c__Gammaproteobacteria;o__Burkholderiales;f__Burkholderiaceae;g__Bordetella_A;s__Bordetella_A sp002261265,0.010995290242135525,0.010995290242135525,0.58105519870399
C02721_N-Methylalanine,d__Bacteria;p__Proteobacteria;c__Gammaproteobacteria;o__Burkholderiales;f__Burkholderiaceae;g__Bordetella_A;s__Bordetella_A sp002261265,0.010981091298162937,-0.010981091298162937,0.5651677334665617
C00791_Creatinine,d__Bacteria;p__Patescibacteria;c__Saccharimonadia;o__Saccharimonadales;f__Nanosyncoccaceae;g__Nanosyncoccus;s__Nanosyncoccus sp017552385,0.010902220383286476,-0.010902220383286476,0.5082706766917292
C00695_Cholate,d__Bacteria;p__Proteobacteria;c__Gammaproteobacteria;o__Burkholderiales;f__Burkholderiaceae;g__Bordetella_A;s__Bordetella_A sp002261265,0.010755403277774652,0.010755403277774652,0.606077998355562
C03570_Mannosamine,d__Bacteria;p__Proteobacteria;c__Gammaproteobacteria;o__Burkholderiales;f__Burkholderiaceae;g__Bordetella_A;s__Bordetella_A sp002261265,0.009426250122487545,0.009426250122487545,0.5237434453650334
C02571_o-Acetylcarnitine,d__Bacteria;p__Patescibacteria;c__Saccharimonadia;o__Saccharimonadales;f__Nanosyncoccaceae;g__Nanosyncoccus;s__Nanosyncoccus sp017552385,0.009327409168084463,-0.009327409168084463,0.5033732864546128
C00270_N-Acetylneuraminate,d__Bacteria;p__Patescibacteria;c__Saccharimonadia;o__Saccharimonadales;f__Nanosyncoccaceae;g__Nanosyncoccus;s__Nanosyncoccus sp017552385,0.00902106457700332,-0.00902106457700332,0.5108066002287543
C00791_Creatinine,d__Bacteria;p__Proteobacteria;c__Gammaproteobacteria;o__Burkholderiales;f__Burkholderiaceae;g__Bordetella_A;s__Bordetella_A sp002261265,0.00860011608650287,0.00860011608650287,0.5082706766917292
C01425_Glu-Glu,d__Bacteria;p__Patescibacteria;c__Saccharimonadia;o__Saccharimonadales;f__Nanosyncoccaceae;g__Nanosyncoccus;s__Nanosyncoccus sp017552385,0.008430635556578636,-0.008430635556578636,0.553516330837368
C01118_o-Succinylhomoserine,d__Bacteria;p__Proteobacteria;c__Gammaproteobacteria;o__Burkholderiales;f__Burkholderiaceae;g__Bordetella_A;s__Bordetella_A sp002261265,0.008425106760114431,0.008425106760114431,0.5265243840129893
C03570_Mannosamine,d__Bacteria;p__Proteobacteria;c__Gammaproteobacteria;o__Burkholderiales;f__Burkholderiaceae;g__Formosimonas;s__Formosimonas limnophila,0.008352600658933321,-0.008352600658933321,0.5237434453650334
C00318_Carnitine,d__Bacteria;p__Proteobacteria;c__Gammaproteobacteria;o__Burkholderiales;f__Burkholderiaceae;g__Bordetella_A;s__Bordetella_A sp002261265,0.008030929292241732,0.008030929292241732,0.5187969924812029
C00029_UDP-glucose,d__Bacteria;p__Proteobacteria;c__Gammaproteobacteria;o__Burkholderiales;f__Burkholderiaceae;g__Bordetella_A;s__Bordetella_A sp002261265,0.007883666859318813,0.007883666859318813,0.5886320138173384
C00398_Tryptamine,d__Bacteria;p__Proteobacteria;c__Gammaproteobacteria;o__Burkholderiales;f__Burkholderiaceae;g__Bordetella_A;s__Bordetella_A sp002261265,0.007852006082733473,0.007852006082733473,0.7289824853501108
C00043_UDP-N-acetylglucosamine,d__Bacteria;p__Proteobacteria;c__Gammaproteobacteria;o__Burkholderiales;f__Burkholderiaceae;g__Bordetella_A;s__Bordetella_A sp002261265,0.007560173670450847,0.007560173670450847,0.5448421268300869
-_Ophthalmate,d__Bacteria;p__Patescibacteria;c__Saccharimonadia;o__Saccharimonadales;f__Nanosyncoccaceae;g__Nanosyncoccus;s__Nanosyncoccus sp017552385,0.007471438497304916,-0.007471438497304916,0.58105519870399
C00300_Creatine,d__Bacteria;p__Proteobacteria;c__Gammaproteobacteria;o__Burkholderiales;f__Burkholderiaceae;g__Bordetella_A;s__Bordetella_A sp002261265,0.007289994042366743,0.007289994042366743,0.5593984962406015
C00043_UDP-N-acetylglucosamine,d__Bacteria;p__Proteobacteria;c__Gammaproteobacteria;o__Burkholderiales;f__Burkholderiaceae;g__Formosimonas;s__Formosimonas limnophila,0.006907463228950898,-0.006907463228950898,0.5448421268300869
C01029_N8-Acetylspermidine,d__Bacteria;p__Firmicutes_A;c__Clostridia;o__Lachnospirales;f__Lachnospiraceae;g__UBA3282;s__UBA3282 sp017440375,0.006604084900269906,0.006604084900269906,0.564763397066284
C00029_UDP-glucose,d__Bacteria;p__Patescibacteria;c__Saccharimonadia;o__Saccharimonadales;f__Nanosyncoccaceae;g__Nanosyncoccus;s__Nanosyncoccus sp017552385,0.006444863819827636,-0.006444863819827636,0.5886320138173384
C02571_o-Acetylcarnitine,d__Bacteria;p__Proteobacteria;c__Gammaproteobacteria;o__Burkholderiales;f__Burkholderiaceae;g__Formosimonas;s__Formosimonas limnophila,0.006417267490178347,-0.006417267490178347,0.5033732864546128
C01996_Acetylcholine,d__Bacteria;p__Patescibacteria;c__Saccharimonadia;o__Saccharimonadales;f__Nanosyncoccaceae;g__Nanosyncoccus;s__Nanosyncoccus sp017552385,0.006296357450385888,-0.006296357450385888,0.5367211590554943
C00624_N-Acetylglutamate,d__Bacteria;p__Patescibacteria;c__Saccharimonadia;o__Saccharimonadales;f__Nanosyncoccaceae;g__Nanosyncoccus;s__Nanosyncoccus sp017552385,0.006138559120396773,0.006138559120396773,0.613533834586466
C01029_N8-Acetylspermidine,d__Bacteria;p__Proteobacteria;c__Gammaproteobacteria;o__UBA4486;f__UBA4486;g__UBA7359;s__UBA7359 sp012960105,0.006082571654890974,0.006082571654890974,0.564763397066284
C01996_Acetylcholine,d__Bacteria;p__Proteobacteria;c__Gammaproteobacteria;o__Burkholderiales;f__Burkholderiaceae;g__Formosimonas;s__Formosimonas limnophila,0.006082480462888877,-0.006082480462888877,0.5367211590554943
C00431_5-Aminovalerate,d__Bacteria;p__Proteobacteria;c__Gammaproteobacteria;o__Burkholderiales;f__Burkholderiaceae;g__Formosimonas;s__Formosimonas limnophila,0.006064053780088822,-0.006064053780088822,0.556390977443609
C17714_Heptanoate,d__Bacteria;p__Proteobacteria;c__Gammaproteobacteria;o__Burkholderiales;f__Burkholderiaceae;g__Bordetella_A;s__Bordetella_A sp002261265,0.005920362814019124,-0.005920362814019124,0.601214310056357
C00695_Cholate,d__Bacteria;p__Proteobacteria;c__Gammaproteobacteria;o__Burkholderiales;f__Burkholderiaceae;g__Formosimonas;s__Formosimonas limnophila,0.005901625224699576,-0.005901625224699576,0.606077998355562
C01029_N8-Acetylspermidine,d__Bacteria;p__Firmicutes_A;c__Clostridia;o__UMGS1810;f__UMGS1810;g__RGIG1828;s__RGIG1828 sp015068985,0.0057036954288681345,-0.0057036954288681345,0.564763397066284
C01029_N8-Acetylspermidine,d__Bacteria;p__Fusobacteriota;c__Fusobacteriia;o__Fusobacteriales;f__Leptotrichiaceae;g__Leptotrichia_A;s__Leptotrichia_A sp000469505,0.005452378420159221,-0.005452378420159221,0.564763397066284
C01029_N8-Acetylspermidine,d__Bacteria;p__Firmicutes_A;c__Clostridia;o__Christensenellales;f__Borkfalkiaceae;g__Scatosoma;s__Scatosoma sp900555925,0.005441266732911269,0.005441266732911269,0.564763397066284
C04137_Octopine,d__Bacteria;p__Patescibacteria;c__Saccharimonadia;o__Saccharimonadales;f__Nanosyncoccaceae;g__Nanosyncoccus;s__Nanosyncoccus sp017552385,0.00530791546528538,-0.00530791546528538,0.6617115860595014
C01029_N8-Acetylspermidine,d__Bacteria;p__Firmicutes_A;c__Clostridia;o__Oscillospirales;f__Ruminococcaceae;g__Faeciplasma;s__Faeciplasma gallinarum,0.005228039498130481,0.005228039498130481,0.564763397066284
C00624_N-Acetylglutamate,d__Bacteria;p__Proteobacteria;c__Gammaproteobacteria;o__Burkholderiales;f__Burkholderiaceae;g__Bordetella_A;s__Bordetella_A sp002261265,0.005214164033532143,-0.005214164033532143,0.613533834586466
C01029_N8-Acetylspermidine,d__Bacteria;p__Proteobacteria;c__Gammaproteobacteria;o__Enterobacterales;f__Pasteurellaceae;g__Haemophilus_A;s__Haemophilus_A sputorum,0.005159588220218818,0.005159588220218818,0.564763397066284
C00398_Tryptamine,d__Bacteria;p__Patescibacteria;c__Saccharimonadia;o__Saccharimonadales;f__Nanosyncoccaceae;g__Nanosyncoccus;s__Nanosyncoccus sp017552385,0.005128730709354083,-0.005128730709354083,0.7289824853501108
C00695_Cholate,d__Bacteria;p__Patescibacteria;c__Saccharimonadia;o__Saccharimonadales;f__Nanosyncoccaceae;g__Nanosyncoccus;s__Nanosyncoccus sp017552385,0.0050541250966489315,-0.0050541250966489315,0.606077998355562
C01029_N8-Acetylspermidine,d__Bacteria;p__Proteobacteria;c__Alphaproteobacteria;o__Pelagibacterales;f__Pelagibacteraceae;g__Pelagibacter;s__Pelagibacter sp902556825,0.005050444432223837,-0.005050444432223837,0.564763397066284
C01029_N8-Acetylspermidine,d__Bacteria;p__Firmicutes_A;c__Clostridia;o__Oscillospirales;f__CAG-272;g__CAG-272;s__CAG-272 sp900556615,0.005040653515607119,-0.005040653515607119,0.564763397066284
C01029_N8-Acetylspermidine,d__Bacteria;p__Bacteroidota;c__Bacteroidia;o__Bacteroidales;f__Bacteroidaceae;g__Phocaeicola;s__Phocaeicola plebeius_B,0.0050173924925426645,0.0050173924925426645,0.564763397066284
C00270_N-Acetylneuraminate,d__Bacteria;p__Proteobacteria;c__Gammaproteobacteria;o__Burkholderiales;f__Burkholderiaceae;g__Bordetella_A;s__Bordetella_A sp002261265,0.004925670102238655,0.004925670102238655,0.5108066002287543
C00398_Tryptamine,d__Bacteria;p__Proteobacteria;c__Gammaproteobacteria;o__Burkholderiales;f__Burkholderiaceae;g__Formosimonas;s__Formosimonas limnophila,0.004819895916928847,-0.004819895916928847,0.7289824853501108
C00431_5-Aminovalerate,d__Bacteria;p__Proteobacteria;c__Gammaproteobacteria;o__UBA4486;f__UBA4486;g__UBA7359;s__UBA7359 sp012960105,0.004812944370011489,0.004812944370011489,0.556390977443609
C01029_N8-Acetylspermidine,d__Bacteria;p__Firmicutes_C;c__Negativicutes;o__Acidaminococcales;f__Acidaminococcaceae;g__Acidaminococcus;s__Acidaminococcus massiliensis,0.0047796922735869884,0.0047796922735869884,0.564763397066284
-_Ophthalmate,d__Bacteria;p__Proteobacteria;c__Gammaproteobacteria;o__Burkholderiales;f__Burkholderiaceae;g__Formosimonas;s__Formosimonas limnophila,0.004707639105618,-0.004707639105618,0.58105519870399
C01029_N8-Acetylspermidine,d__Bacteria;p__Firmicutes_C;c__Negativicutes;o__Acidaminococcales;f__Acidaminococcaceae;g__Phascolarctobacterium;s__Phascolarctobacterium sp900544795,0.00445437462379535,0.00445437462379535,0.564763397066284
C01029_N8-Acetylspermidine,d__Bacteria;p__Firmicutes_A;c__Clostridia;o__Oscillospirales;f__Oscillospiraceae;g__Lawsonibacter;s__Lawsonibacter sp900766145,0.004424485377967358,0.004424485377967358,0.564763397066284
C01585_Hexanoate,d__Bacteria;p__Bacteroidota;c__Bacteroidia;o__Bacteroidales;f__Bacteroidaceae;g__Phocaeicola;s__Phocaeicola sp000432735,0.004361921455711126,0.004361921455711126,0.5426453730673185
C01029_N8-Acetylspermidine,d__Bacteria;p__Firmicutes_A;c__Clostridia;o__Oscillospirales;f__Ruminococcaceae;g__CAG-115;s__CAG-115 sp004555855,0.004347872842724125,-0.004347872842724125,0.564763397066284
C17714_Heptanoate,d__Bacteria;p__Proteobacteria;c__Gammaproteobacteria;o__Burkholderiales;f__Burkholderiaceae;g__Formosimonas;s__Formosimonas limnophila,0.00430185083920757,0.00430185083920757,0.601214310056357
C01029_N8-Acetylspermidine,d__Bacteria;p__Firmicutes_A;c__Clostridia;o__Lachnospirales;f__Lachnospiraceae;g__Faecalimonas;s__Faecalimonas sp900316755,0.004291976802051067,0.004291976802051067,0.564763397066284
C00043_UDP-N-acetylglucosamine,d__Bacteria;p__Proteobacteria;c__Gammaproteobacteria;o__UBA4486;f__UBA4486;g__UBA7359;s__UBA7359 sp012960105,0.0042122638163467245,0.0042122638163467245,0.5448421268300869
C01029_N8-Acetylspermidine,d__Bacteria;p__Bacteroidota;c__Bacteroidia;o__Chitinophagales;f__Chitinophagaceae;g__Sediminibacterium;s__Sediminibacterium sp902168225,0.004202587918067972,0.004202587918067972,0.564763397066284
C01029_N8-Acetylspermidine,d__Bacteria;p__Firmicutes_A;c__Clostridia;o__Clostridiales;f__Clostridiaceae;g__Clostridium;s__Clostridium sp900543325,0.0041827058885246515,0.0041827058885246515,0.564763397066284
C01029_N8-Acetylspermidine,d__Bacteria;p__Bacteroidota;c__Bacteroidia;o__Bacteroidales;f__Bacteroidaceae;g__Prevotella;s__Prevotella sp900546345,0.004180258295188348,-0.004180258295188348,0.564763397066284
C01029_N8-Acetylspermidine,d__Bacteria;p__Firmicutes_A;c__Clostridia;o__Lachnospirales;f__Lachnospiraceae;g__Frisingicoccus;s__Frisingicoccus caecimuris,0.004179004269341628,0.004179004269341628,0.564763397066284
C03570_Mannosamine,d__Bacteria;p__Proteobacteria;c__Gammaproteobacteria;o__UBA4486;f__UBA4486;g__UBA7359;s__UBA7359 sp012960105,0.004176660208031535,0.004176660208031535,0.5237434453650334
C00043_UDP-N-acetylglucosamine,d__Bacteria;p__Firmicutes_A;c__Clostridia;o__Lachnospirales;f__Lachnospiraceae;g__UBA3282;s__UBA3282 sp017440375,0.004120492531607549,0.004120492531607549,0.5448421268300869
C01029_N8-Acetylspermidine,d__Bacteria;p__Proteobacteria;c__Gammaproteobacteria;o__Enterobacterales;f__Enterobacteriaceae;g__Serratia;s__Serratia liquefaciens,0.004111979079122345,-0.004111979079122345,0.564763397066284
C02721_N-Methylalanine,d__Bacteria;p__Proteobacteria;c__Gammaproteobacteria;o__Burkholderiales;f__Burkholderiaceae;g__Formosimonas;s__Formosimonas limnophila,0.004054084264983733,0.004054084264983733,0.5651677334665617
C01029_N8-Acetylspermidine,d__Bacteria;p__Firmicutes_A;c__Clostridia;o__Peptostreptococcales;f__Anaerovoracaceae;g__BX12;s__BX12 sp910575405,0.004014944580073158,0.004014944580073158,0.564763397066284
C01029_N8-Acetylspermidine,d__Bacteria;p__Firmicutes_A;c__Clostridia;o__Lachnospirales;f__Lachnospiraceae;g__Anaerostipes;s__Anaerostipes sp000508985,0.0040095279303689795,0.0040095279303689795,0.564763397066284
C01029_N8-Acetylspermidine,d__Bacteria;p__Bacteroidota;c__Bacteroidia;o__Bacteroidales;f__Bacteroidaceae;g__Phocaeicola;s__Phocaeicola sp000432735,0.003984393978801866,0.003984393978801866,0.564763397066284
C01118_o-Succinylhomoserine,d__Bacteria;p__Patescibacteria;c__Saccharimonadia;o__Saccharimonadales;f__Nanosyncoccaceae;g__Nanosyncoccus;s__Nanosyncoccus sp017552385,0.003941443593551715,-0.003941443593551715,0.5265243840129893
C01029_N8-Acetylspermidine,d__Bacteria;p__Actinobacteriota;c__Coriobacteriia;o__Coriobacteriales;f__Coriobacteriaceae;g__Collinsella;s__Collinsella sp900547505,0.003932191291823983,0.003932191291823983,0.564763397066284
C01029_N8-Acetylspermidine,d__Bacteria;p__Proteobacteria;c__Gammaproteobacteria;o__Enterobacterales;f__Enterobacteriaceae;g__Dickeya;s__Dickeya undicola,0.003919901714349787,0.003919901714349787,0.564763397066284
C00092_G6P,d__Bacteria;p__Proteobacteria;c__Gammaproteobacteria;o__Burkholderiales;f__Burkholderiaceae;g__Bordetella_A;s__Bordetella_A sp002261265,0.003913170114780466,0.003913170114780466,0.5296556466174515
C01234_1-Aminocyclopropane-1-carboxylate,d__Bacteria;p__Proteobacteria;c__Gammaproteobacteria;o__Burkholderiales;f__Burkholderiaceae;g__Bordetella_A;s__Bordetella_A sp002261265,0.0038878602596620717,0.0038878602596620717,0.5163276089704842
C00300_Creatine,d__Bacteria;p__Bacteroidota;c__Bacteroidia;o__Bacteroidales;f__UBA932;g__Merdivivens;s__Merdivivens faecigallinarum,0.003886396996676922,-0.003886396996676922,0.5593984962406015
C00029_UDP-glucose,d__Bacteria;p__Proteobacteria;c__Gammaproteobacteria;o__UBA4486;f__UBA4486;g__UBA7359;s__UBA7359 sp012960105,0.0038747774281849465,0.0038747774281849465,0.5886320138173384
C03570_Mannosamine,d__Bacteria;p__Firmicutes_A;c__Clostridia;o__Lachnospirales;f__Lachnospiraceae;g__UBA3282;s__UBA3282 sp017440375,0.0038492196084310613,0.0038492196084310613,0.5237434453650334
C01029_N8-Acetylspermidine,d__Bacteria;p__Actinobacteriota;c__Coriobacteriia;o__Coriobacteriales;f__Coriobacteriaceae;g__Collinsella;s__Collinsella sp900759335,0.0038134256998697915,0.0038134256998697915,0.564763397066284
C01029_N8-Acetylspermidine,d__Bacteria;p__Firmicutes_A;c__Clostridia;o__Lachnospirales;f__Lachnospiraceae;g__Mediterraneibacter;s__Mediterraneibacter faecigallinarum,0.003811599841962258,0.003811599841962258,0.564763397066284
C01029_N8-Acetylspermidine,d__Bacteria;p__Actinobacteriota;c__Coriobacteriia;o__Coriobacteriales;f__Coriobacteriaceae;g__Collinsella;s__Collinsella aerofaciens_Y,0.0037981221297134957,0.0037981221297134957,0.564763397066284
C01029_N8-Acetylspermidine,d__Bacteria;p__Actinobacteriota;c__Coriobacteriia;o__Coriobacteriales;f__Coriobacteriaceae;g__Collinsella;s__Collinsella bouchesdurhonensis,0.003791055486847957,0.003791055486847957,0.564763397066284
C01029_N8-Acetylspermidine,d__Bacteria;p__Firmicutes;c__Bacilli;o__Lactobacillales;f__Streptococcaceae;g__Streptococcus;s__Streptococcus penaeicida,0.0037889891924957433,-0.0037889891924957433,0.564763397066284
C00431_5-Aminovalerate,d__Bacteria;p__Firmicutes_A;c__Clostridia;o__Peptostreptococcales;f__Filifactoraceae;g__Filifactor;s__Filifactor alocis,0.0037888200798382363,0.0037888200798382363,0.556390977443609
C01029_N8-Acetylspermidine,d__Bacteria;p__Firmicutes;c__Bacilli;o__Lactobacillales;f__Streptococcaceae;g__Streptococcus;s__Streptococcus oralis_S,0.0037742087927957377,0.0037742087927957377,0.564763397066284
C01029_N8-Acetylspermidine,d__Bacteria;p__Bacteroidota;c__Bacteroidia;o__Bacteroidales;f__Bacteroidaceae;g__Prevotella;s__Prevotella sp900548195,0.003746377614637216,0.003746377614637216,0.564763397066284
C01118_o-Succinylhomoserine,d__Bacteria;p__Proteobacteria;c__Gammaproteobacteria;o__Burkholderiales;f__Burkholderiaceae;g__Formosimonas;s__Formosimonas limnophila,0.0037455420630673566,-0.0037455420630673566,0.5265243840129893
C01029_N8-Acetylspermidine,d__Bacteria;p__Bacteroidota;c__Bacteroidia;o__Bacteroidales;f__Marinifilaceae;g__Butyricimonas;s__Butyricimonas sp003479425,0.00367364768559734,0.00367364768559734,0.564763397066284
C02571_o-Acetylcarnitine,d__Bacteria;p__Firmicutes_A;c__Clostridia;o__Oscillospirales;f__CAG-272;g__CAG-272;s__CAG-272 sp900556615,0.0036614131337652602,-0.0036614131337652602,0.5033732864546128
C01029_N8-Acetylspermidine,d__Bacteria;p__Proteobacteria;c__Gammaproteobacteria;o__Burkholderiales;f__Rhodocyclaceae;g__Thauera;s__Thauera sp009469595,0.003656954892600576,-0.003656954892600576,0.564763397066284
C01029_N8-Acetylspermidine,d__Bacteria;p__Bacteroidota;c__Bacteroidia;o__Bacteroidales;f__Muribaculaceae;g__Sodaliphilus;s__Sodaliphilus sp017443765,0.003646409953944385,0.003646409953944385,0.564763397066284
C01996_Acetylcholine,d__Bacteria;p__Proteobacteria;c__Alphaproteobacteria;o__Pelagibacterales;f__Pelagibacteraceae;g__Pelagibacter;s__Pelagibacter sp902556825,0.0036322217589865127,-0.0036322217589865127,0.5367211590554943
C01585_Hexanoate,d__Bacteria;p__Firmicutes;c__Bacilli;o__Lactobacillales;f__Streptococcaceae;g__Streptococcus;s__Streptococcus oralis_S,0.003625293495133519,0.003625293495133519,0.5426453730673185
C01029_N8-Acetylspermidine,d__Bacteria;p__Firmicutes_A;c__Clostridia;o__Lachnospirales;f__Lachnospiraceae;g__Fusicatenibacter;s__Fusicatenibacter saccharivorans,0.0035949719604104757,0.0035949719604104757,0.564763397066284
C01029_N8-Acetylspermidine,d__Bacteria;p__Proteobacteria;c__Gammaproteobacteria;o__Enterobacterales;f__Enterobacteriaceae;g__Enterobacter;s__Enterobacter ludwigii,0.0035911879191795983,0.0035911879191795983,0.564763397066284
C00431_5-Aminovalerate,d__Bacteria;p__Bacteroidota;c__Bacteroidia;o__Bacteroidales;f__UBA932;g__Merdivivens;s__Merdivivens faecigallinarum,0.003578948633124431,-0.003578948633124431,0.556390977443609
C01029_N8-Acetylspermidine,d__Bacteria;p__Firmicutes_A;c__Clostridia;o__Lachnospirales;f__Lachnospiraceae;g__Catenibacillus;s__Catenibacillus scindens,0.0035778291057795286,0.0035778291057795286,0.564763397066284
C01029_N8-Acetylspermidine,d__Bacteria;p__Proteobacteria;c__Gammaproteobacteria;o__Enterobacterales;f__Enterobacteriaceae;g__Enterobacter_D;s__Enterobacter_D sp001888805,0.0035646965261548758,0.0035646965261548758,0.564763397066284
C01029_N8-Acetylspermidine,d__Bacteria;p__Firmicutes_A;c__Clostridia;o__Oscillospirales;f__Ruminococcaceae;g__Ruminococcus;s__Ruminococcus sp900752785,0.003558927293245991,-0.003558927293245991,0.564763397066284
C01029_N8-Acetylspermidine,d__Bacteria;p__Proteobacteria;c__Gammaproteobacteria;o__Enterobacterales;f__Enterobacteriaceae;g__Cedecea;s__Cedecea lapagei,0.0035523823462426662,-0.0035523823462426662,0.564763397066284
C00029_UDP-glucose,d__Bacteria;p__Proteobacteria;c__Gammaproteobacteria;o__Burkholderiales;f__Burkholderiaceae;g__Formosimonas;s__Formosimonas limnophila,0.0035487057951589427,-0.0035487057951589427,0.5886320138173384
C01029_N8-Acetylspermidine,d__Bacteria;p__Firmicutes_A;c__Clostridia;o__Lachnospirales;f__Lachnospiraceae;g__Eisenbergiella;s__Eisenbergiella sp900539715,0.003542916771645347,0.003542916771645347,0.564763397066284
C00318_Carnitine,d__Bacteria;p__Proteobacteria;c__Alphaproteobacteria;o__Rhizobiales;f__Beijerinckiaceae;g__Microvirga;s__Microvirga guangxiensis,0.0035414401597032943,0.0035414401597032943,0.5187969924812029
C00043_UDP-N-acetylglucosamine,d__Bacteria;p__Firmicutes_A;c__Clostridia;o__Christensenellales;f__Borkfalkiaceae;g__Scatosoma;s__Scatosoma sp900555925,0.0035059177316725254,0.0035059177316725254,0.5448421268300869
C01029_N8-Acetylspermidine,d__Bacteria;p__Firmicutes;c__Bacilli;o__Bacillales_D;f__Amphibacillaceae;g__Terribacillus;s__Terribacillus halophilus,0.0035052476450800896,-0.0035052476450800896,0.564763397066284
C01029_N8-Acetylspermidine,d__Bacteria;p__Firmicutes_A;c__Clostridia;o__Oscillospirales;f__Oscillospiraceae;g__Evtepia;s__Evtepia sp902781745,0.0034932001338650784,0.0034932001338650784,0.564763397066284
C01029_N8-Acetylspermidine,d__Bacteria;p__Firmicutes_A;c__Clostridia;o__Oscillospirales;f__CAG-272;g__QALR01;s__QALR01 sp017472285,0.0034686571452766657,0.0034686571452766657,0.564763397066284
C02721_N-Methylalanine,d__Bacteria;p__Firmicutes_A;c__Clostridia;o__Oscillospirales;f__CAG-272;g__CAG-272;s__CAG-272 sp900556615,0.0034654364765932164,0.0034654364765932164,0.5651677334665617
C00043_UDP-N-acetylglucosamine,d__Bacteria;p__Firmicutes_A;c__Clostridia;o__UMGS1810;f__UMGS1810;g__RGIG1828;s__RGIG1828 sp015068985,0.0034462144443144402,-0.0034462144443144402,0.5448421268300869
C00043_UDP-N-acetylglucosamine,d__Bacteria;p__Firmicutes_A;c__Clostridia;o__Oscillospirales;f__Ruminococcaceae;g__Faeciplasma;s__Faeciplasma gallinarum,0.003434674038241307,0.003434674038241307,0.5448421268300869
C00791_Creatinine,d__Bacteria;p__Bacteroidota;c__Bacteroidia;o__Bacteroidales;f__UBA932;g__Merdivivens;s__Merdivivens faecigallinarum,0.0034308453711370626,-0.0034308453711370626,0.5082706766917292
C01996_Acetylcholine,d__Bacteria;p__Proteobacteria;c__Gammaproteobacteria;o__UBA4486;f__UBA4486;g__UBA7359;s__UBA7359 sp012960105,0.003428817493841052,0.003428817493841052,0.5367211590554943
C03570_Mannosamine,d__Bacteria;p__Firmicutes_A;c__Clostridia;o__UMGS1810;f__UMGS1810;g__RGIG1828;s__RGIG1828 sp015068985,0.003415515103066961,-0.003415515103066961,0.5237434453650334
C01029_N8-Acetylspermidine,d__Bacteria;p__Actinobacteriota;c__Coriobacteriia;o__Coriobacteriales;f__Coriobacteriaceae;g__Collinsella;s__Collinsella sp900546825,0.003409823247541984,0.003409823247541984,0.564763397066284
C00300_Creatine,d__Bacteria;p__Firmicutes_A;c__Clostridia;o__Peptostreptococcales;f__Filifactoraceae;g__Filifactor;s__Filifactor alocis,0.003401567538579305,0.003401567538579305,0.5593984962406015
C01585_Hexanoate,d__Bacteria;p__Firmicutes_A;c__Clostridia;o__Oscillospirales;f__Ruminococcaceae;g__Faeciplasma;s__Faeciplasma gallinarum,0.0033896119178583226,0.0033896119178583226,0.5426453730673185
C00043_UDP-N-acetylglucosamine,d__Bacteria;p__Fusobacteriota;c__Fusobacteriia;o__Fusobacteriales;f__Leptotrichiaceae;g__Leptotrichia_A;s__Leptotrichia_A sp000469505,0.0033766565999637046,-0.0033766565999637046,0.5448421268300869
C04548_Synephrine,d__Bacteria;p__Proteobacteria;c__Gammaproteobacteria;o__Burkholderiales;f__Burkholderiaceae;g__Bordetella_A;s__Bordetella_A sp002261265,0.0033722758137931428,0.0033722758137931428,0.5560425729859331
C01029_N8-Acetylspermidine,d__Bacteria;p__Firmicutes_A;c__Clostridia;o__Lachnospirales;f__Lachnospiraceae;g__Luxibacter;s__Luxibacter massiliensis,0.0033584157936275005,0.0033584157936275005,0.564763397066284
C01029_N8-Acetylspermidine,d__Bacteria;p__Bacteroidota;c__Bacteroidia;o__Chitinophagales;f__Chitinophagaceae;g__46-32;s__46-32 sp004173355,0.003355573397129774,-0.003355573397129774,0.564763397066284
C00431_5-Aminovalerate,d__Bacteria;p__Bacteroidota;c__Bacteroidia;o__Bacteroidales;f__Rikenellaceae;g__Alistipes;s__Alistipes sp009774895,0.003350629471242428,-0.003350629471242428,0.556390977443609
C01029_N8-Acetylspermidine,d__Bacteria;p__Firmicutes_A;c__Clostridia;o__Lachnospirales;f__Lachnospiraceae;g__UBA3402;s__UBA3402 sp910588325,0.0033469574991613626,0.0033469574991613626,0.564763397066284
C03570_Mannosamine,d__Bacteria;p__Firmicutes_A;c__Clostridia;o__Oscillospirales;f__Oscillospiraceae;g__Lawsonibacter;s__Lawsonibacter sp900766145,0.003333339700475335,0.003333339700475335,0.5237434453650334
C01029_N8-Acetylspermidine,d__Bacteria;p__Bacteroidota;c__Bacteroidia;o__Bacteroidales;f__Bacteroidaceae;g__Bacteroides;s__Bacteroides heparinolyticus,0.0033321641385555267,0.0033321641385555267,0.564763397066284
C01029_N8-Acetylspermidine,d__Bacteria;p__Firmicutes_A;c__Clostridia;o__Oscillospirales;f__Ruminococcaceae;g__Gemmiger;s__Gemmiger sp900539695,0.003324454960723718,0.003324454960723718,0.564763397066284
C01029_N8-Acetylspermidine,d__Bacteria;p__Proteobacteria;c__Gammaproteobacteria;o__Enterobacterales;f__Enterobacteriaceae;g__Escherichia;s__Escherichia coli_E,0.0033184996961305537,0.0033184996961305537,0.564763397066284
C03570_Mannosamine,d__Bacteria;p__Firmicutes_A;c__Clostridia;o__Oscillospirales;f__CAG-272;g__CAG-272;s__CAG-272 sp900556615,0.0033170445822179317,-0.0033170445822179317,0.5237434453650334
-_Ophthalmate,d__Bacteria;p__Proteobacteria;c__Gammaproteobacteria;o__UBA4486;f__UBA4486;g__UBA7359;s__UBA7359 sp012960105,0.0033108426723629236,0.0033108426723629236,0.58105519870399
C00695_Cholate,d__Bacteria;p__Proteobacteria;c__Alphaproteobacteria;o__Pelagibacterales;f__Pelagibacteraceae;g__Pelagibacter;s__Pelagibacter sp902556825,0.003303723797822992,-0.003303723797822992,0.606077998355562
C01029_N8-Acetylspermidine,d__Bacteria;p__Actinobacteriota;c__Coriobacteriia;o__Coriobacteriales;f__Coriobacteriaceae;g__Collinsella;s__Collinsella sp902364645,0.0032823266616712012,0.0032823266616712012,0.564763397066284
C01029_N8-Acetylspermidine,d__Bacteria;p__Proteobacteria;c__Gammaproteobacteria;o__Pseudomonadales;f__Halomonadaceae;g__Halomonas;s__Halomonas stercoripullorum,0.003279648100336393,0.003279648100336393,0.564763397066284
C01029_N8-Acetylspermidine,d__Bacteria;p__Firmicutes;c__Bacilli;o__Paenibacillales;f__Paenibacillaceae;g__Paenibacillus_A;s__Paenibacillus_A physcomitrellae,0.003267720923759043,-0.003267720923759043,0.564763397066284
C01029_N8-Acetylspermidine,d__Bacteria;p__Firmicutes_C;c__Negativicutes;o__Veillonellales;f__Megasphaeraceae;g__Megasphaera;s__Megasphaera sp000417505,0.0032599257150044045,0.0032599257150044045,0.564763397066284
C00300_Creatine,d__Bacteria;p__Bacteroidota;c__Bacteroidia;o__Bacteroidales;f__Bacteroidaceae;g__Phocaeicola;s__Phocaeicola sp000432735,0.0032580120023339987,-0.0032580120023339987,0.5593984962406015
C01425_Glu-Glu,d__Bacteria;p__Bacteroidota;c__Bacteroidia;o__Bacteroidales;f__Bacteroidaceae;g__Phocaeicola;s__Phocaeicola sp000432735,0.003257585767035683,-0.003257585767035683,0.553516330837368
C00043_UDP-N-acetylglucosamine,d__Bacteria;p__Proteobacteria;c__Gammaproteobacteria;o__Enterobacterales;f__Pasteurellaceae;g__Haemophilus_A;s__Haemophilus_A sputorum,0.003253658146907886,0.003253658146907886,0.5448421268300869
C01029_N8-Acetylspermidine,d__Bacteria;p__Bacteroidota;c__Bacteroidia;o__Bacteroidales;f__Bacteroidaceae;g__Prevotella;s__Prevotella sp900553465,0.0032524196042989693,0.0032524196042989693,0.564763397066284
C03570_Mannosamine,d__Bacteria;p__Firmicutes_A;c__Clostridia;o__Christensenellales;f__Borkfalkiaceae;g__Scatosoma;s__Scatosoma sp900555925,0.003220255176226298,0.003220255176226298,0.5237434453650334
C17714_Heptanoate,d__Bacteria;p__Patescibacteria;c__Saccharimonadia;o__Saccharimonadales;f__Nanosyncoccaceae;g__Nanosyncoccus;s__Nanosyncoccus sp017552385,0.0032121242644886174,0.0032121242644886174,0.601214310056357
C01029_N8-Acetylspermidine,d__Bacteria;p__Firmicutes_A;c__Clostridia;o__TANB77;f__CAG-465;g__CAG-465;s__CAG-465 sp900772475,0.003210079623386264,0.003210079623386264,0.564763397066284
C01029_N8-Acetylspermidine,d__Bacteria;p__Firmicutes_A;c__Clostridia;o__Lachnospirales;f__Lachnospiraceae;g__Mediterraneibacter;s__Mediterraneibacter cottocaccae,0.0032088697577516236,0.0032088697577516236,0.564763397066284
C02721_N-Methylalanine,d__Bacteria;p__Firmicutes_A;c__Clostridia;o__Peptostreptococcales;f__Filifactoraceae;g__Filifactor;s__Filifactor alocis,0.0032065140549093485,-0.0032065140549093485,0.5651677334665617
C01029_N8-Acetylspermidine,d__Bacteria;p__Firmicutes_A;c__Clostridia;o__Lachnospirales;f__Lachnospiraceae;g__Copromonas;s__Copromonas sp900556965,0.0032063779265930257,0.0032063779265930257,0.564763397066284
C02571_o-Acetylcarnitine,d__Bacteria;p__Synergistota;c__Synergistia;o__Synergistales;f__Aminobacteriaceae;g__Fretibacterium;s__Fretibacterium sp017458545,0.003183971391990781,0.003183971391990781,0.5033732864546128
C02721_N-Methylalanine,d__Bacteria;p__Bacteroidota;c__Bacteroidia;o__Bacteroidales;f__UBA932;g__Merdivivens;s__Merdivivens faecigallinarum,0.003180791779110829,0.003180791779110829,0.5651677334665617
C01029_N8-Acetylspermidine,d__Bacteria;p__Firmicutes_A;c__Clostridia;o__Oscillospirales;f__Oscillospiraceae;g__Faecousia;s__Faecousia sp900544705,0.0031766657872746387,-0.0031766657872746387,0.564763397066284
C01029_N8-Acetylspermidine,d__Bacteria;p__Patescibacteria;c__Saccharimonadia;o__Saccharimonadales;f__Nanosynbacteraceae;g__Nanosynbacter;s__Nanosynbacter sp900557595,0.0031744707375764847,0.0031744707375764847,0.564763397066284
C01029_N8-Acetylspermidine,d__Bacteria;p__Proteobacteria;c__Gammaproteobacteria;o__Enterobacterales;f__Enterobacteriaceae;g__Citrobacter_A;s__Citrobacter_A telavivensis,0.003172393422573805,0.003172393422573805,0.564763397066284
C01029_N8-Acetylspermidine,d__Bacteria;p__Firmicutes_A;c__Clostridia;o__Lachnospirales;f__Lachnospiraceae;g__Marvinbryantia;s__Marvinbryantia sp900550755,0.0031596022502829633,0.0031596022502829633,0.564763397066284
C01585_Hexanoate,d__Bacteria;p__Bacteroidota;c__Bacteroidia;o__Bacteroidales;f__UBA932;g__Merdivivens;s__Merdivivens faecigallinarum,0.0031594596803188324,0.0031594596803188324,0.5426453730673185
C03570_Mannosamine,d__Bacteria;p__Proteobacteria;c__Alphaproteobacteria;o__Pelagibacterales;f__Pelagibacteraceae;g__Pelagibacter;s__Pelagibacter sp902556825,0.003148547140881419,-0.003148547140881419,0.5237434453650334
C01029_N8-Acetylspermidine,d__Bacteria;p__Proteobacteria;c__Gammaproteobacteria;o__Enterobacterales;f__Enterobacteriaceae;g__Phytobacter;s__Phytobacter sp002377245,0.0031456764166553817,0.0031456764166553817,0.564763397066284
C03570_Mannosamine,d__Bacteria;p__Proteobacteria;c__Gammaproteobacteria;o__Enterobacterales;f__Pasteurellaceae;g__Haemophilus_A;s__Haemophilus_A sputorum,0.0031442674032102027,0.0031442674032102027,0.5237434453650334
C01029_N8-Acetylspermidine,d__Bacteria;p__Firmicutes_A;c__Clostridia;o__Oscillospirales;f__Oscillospiraceae;g__F23-B02;s__F23-B02 sp004553495,0.003142263119419416,-0.003142263119419416,0.564763397066284
C01029_N8-Acetylspermidine,d__Bacteria;p__Firmicutes_A;c__Clostridia;o__Oscillospirales;f__Ruminococcaceae;g__Faecalibacterium;s__Faecalibacterium intestinigallinarum,0.0031397469186534486,0.0031397469186534486,0.564763397066284
C01029_N8-Acetylspermidine,d__Bacteria;p__Bacteroidota;c__Bacteroidia;o__Bacteroidales;f__Rikenellaceae;g__Alistipes;s__Alistipes sp009774895,0.003128473646938801,-0.003128473646938801,0.564763397066284
C02721_N-Methylalanine,d__Bacteria;p__Bacteroidota;c__Bacteroidia;o__Bacteroidales;f__Rikenellaceae;g__Alistipes;s__Alistipes sp009774895,0.0031269971126069627,0.0031269971126069627,0.5651677334665617
C01029_N8-Acetylspermidine,d__Bacteria;p__Firmicutes_A;c__Clostridia;o__Lachnospirales;f__Lachnospiraceae;g__Clostridium_Q;s__Clostridium_Q sp910575795,0.003120033691326777,0.003120033691326777,0.564763397066284
C01029_N8-Acetylspermidine,d__Bacteria;p__Bacteroidota;c__Bacteroidia;o__Bacteroidales;f__Bacteroidaceae;g__Prevotella;s__Prevotella sp902799455,0.00311455720414718,-0.00311455720414718,0.564763397066284
C01029_N8-Acetylspermidine,d__Bacteria;p__Firmicutes_A;c__Clostridia;o__TANB77;f__CAG-508;g__CAG-269;s__CAG-269 sp905203195,0.0031090998090803623,0.0031090998090803623,0.564763397066284
C01585_Hexanoate,d__Bacteria;p__Firmicutes_A;c__Clostridia;o__Oscillospirales;f__Oscillospiraceae;g__UBA2658;s__UBA2658 sp012719035,0.003101597229639689,0.003101597229639689,0.5426453730673185
C01585_Hexanoate,d__Bacteria;p__Proteobacteria;c__Gammaproteobacteria;o__Enterobacterales;f__Enterobacteriaceae;g__Citrobacter_A;s__Citrobacter_A telavivensis,0.0030907494171212115,0.0030907494171212115,0.5426453730673185
C00043_UDP-N-acetylglucosamine,d__Bacteria;p__Bacteroidota;c__Bacteroidia;o__Bacteroidales;f__Bacteroidaceae;g__Phocaeicola;s__Phocaeicola plebeius_B,0.0030824747712661824,0.0030824747712661824,0.5448421268300869
C00791_Creatinine,d__Bacteria;p__Proteobacteria;c__Alphaproteobacteria;o__Rhizobiales;f__Beijerinckiaceae;g__Microvirga;s__Microvirga guangxiensis,0.003080319535608093,0.003080319535608093,0.5082706766917292
C01029_N8-Acetylspermidine,d__Bacteria;p__Firmicutes_A;c__Clostridia;o__Lachnospirales;f__Lachnospiraceae;g__Sporofaciens;s__Sporofaciens sp910574715,0.0030780003871768713,0.0030780003871768713,0.564763397066284
C00431_5-Aminovalerate,d__Bacteria;p__Patescibacteria;c__Saccharimonadia;o__Saccharimonadales;f__Nanosynbacteraceae;g__Nanosynbacter;s__Nanosynbacter sp900557595,0.003071129166831573,0.003071129166831573,0.556390977443609
C03570_Mannosamine,d__Bacteria;p__Fusobacteriota;c__Fusobacteriia;o__Fusobacteriales;f__Leptotrichiaceae;g__Leptotrichia_A;s__Leptotrichia_A sp000469505,0.003064725004757444,-0.003064725004757444,0.5237434453650334
C00431_5-Aminovalerate,d__Bacteria;p__Bacteroidota;c__Bacteroidia;o__Bacteroidales;f__Rikenellaceae;g__Alistipes_A;s__Alistipes_A pullicola,0.003061939962208271,-0.003061939962208271,0.556390977443609
C01029_N8-Acetylspermidine,d__Bacteria;p__Firmicutes_A;c__Clostridia;o__Lachnospirales;f__Lachnospiraceae;g__Ventrimonas;s__Ventrimonas sp910577765,0.003058666829019785,0.003058666829019785,0.564763397066284
C01029_N8-Acetylspermidine,d__Bacteria;p__Firmicutes_A;c__Clostridia;o__Lachnospirales;f__Lachnospiraceae;g__KM106-2;s__KM106-2 sp905214875,0.0030585729206601777,0.0030585729206601777,0.564763397066284
C01029_N8-Acetylspermidine,d__Bacteria;p__Firmicutes_A;c__Clostridia;o__UMGS1883;f__UMGS1540;g__UMGS1540;s__UMGS1540 sp900552775,0.003047176714365681,0.003047176714365681,0.564763397066284
C01029_N8-Acetylspermidine,d__Bacteria;p__Firmicutes_A;c__Clostridia;o__Oscillospirales;f__Butyricicoccaceae;g__Agathobaculum;s__Agathobaculum sp900544475,0.0030468496649215617,0.0030468496649215617,0.564763397066284
-_Ophthalmate,d__Bacteria;p__Firmicutes_A;c__Clostridia;o__Oscillospirales;f__CAG-272;g__CAG-272;s__CAG-272 sp900556615,0.0030440400199343762,-0.0030440400199343762,0.58105519870399
C02571_o-Acetylcarnitine,d__Bacteria;p__Firmicutes_A;c__Clostridia;o__Lachnospirales;f__Lachnospiraceae;g__UBA3282;s__UBA3282 sp017440375,0.0030413721688091755,0.0030413721688091755,0.5033732864546128
C02721_N-Methylalanine,d__Bacteria;p__Bacteroidota;c__Bacteroidia;o__Bacteroidales;f__Rikenellaceae;g__Alistipes_A;s__Alistipes_A pullicola,0.0030296098751326403,0.0030296098751326403,0.5651677334665617
C00791_Creatinine,d__Bacteria;p__Firmicutes_A;c__Clostridia;o__Peptostreptococcales;f__Filifactoraceae;g__Filifactor;s__Filifactor alocis,0.003028512311478456,0.003028512311478456,0.5082706766917292
C03570_Mannosamine,d__Bacteria;p__Bacteroidota;c__Bacteroidia;o__Bacteroidales;f__Bacteroidaceae;g__Phocaeicola;s__Phocaeicola plebeius_B,0.0030252254412819943,0.0030252254412819943,0.5237434453650334
C01029_N8-Acetylspermidine,d__Bacteria;p__Actinobacteriota;c__Actinomycetia;o__Actinomycetales;f__Bifidobacteriaceae;g__Bifidobacterium;s__Bifidobacterium bifidum,0.00302499959555765,0.00302499959555765,0.564763397066284
C00431_5-Aminovalerate,d__Bacteria;p__Synergistota;c__Synergistia;o__Synergistales;f__Aminobacteriaceae;g__Fretibacterium;s__Fretibacterium sp017458545,0.0030116871930658817,0.0030116871930658817,0.556390977443609
C02571_o-Acetylcarnitine,d__Bacteria;p__Proteobacteria;c__Alphaproteobacteria;o__Rhizobiales;f__Beijerinckiaceae;g__Microvirga;s__Microvirga guangxiensis,0.003011450016250213,0.003011450016250213,0.5033732864546128
C00043_UDP-N-acetylglucosamine,d__Bacteria;p__Firmicutes_C;c__Negativicutes;o__Acidaminococcales;f__Acidaminococcaceae;g__Acidaminococcus;s__Acidaminococcus massiliensis,0.003010337551434835,0.003010337551434835,0.5448421268300869
C02571_o-Acetylcarnitine,d__Bacteria;p__Firmicutes_A;c__Clostridia;o__Oscillospirales;f__Oscillospiraceae;g__Lawsonibacter;s__Lawsonibacter sp900766145,0.003010242246091366,0.003010242246091366,0.5033732864546128
C01029_N8-Acetylspermidine,d__Bacteria;p__Firmicutes_A;c__Clostridia;o__Lachnospirales;f__Lachnospiraceae;g__SIG308;s__SIG308 sp015057275,0.0029916920078297458,0.0029916920078297458,0.564763397066284
C02571_o-Acetylcarnitine,d__Bacteria;p__Bacteroidota;c__Bacteroidia;o__Bacteroidales;f__Rikenellaceae;g__Alistipes;s__Alistipes sp009774895,0.002984883108486732,-0.002984883108486732,0.5033732864546128
C01029_N8-Acetylspermidine,d__Bacteria;p__Cyanobacteria;c__Vampirovibrionia;o__Gastranaerophilales;f__Gastranaerophilaceae;g__Zag111;s__Zag111 sp905215335,0.0029827147567023835,0.0029827147567023835,0.564763397066284
C01425_Glu-Glu,d__Bacteria;p__Proteobacteria;c__Alphaproteobacteria;o__Rhizobiales;f__Beijerinckiaceae;g__Microvirga;s__Microvirga guangxiensis,0.002982254372909665,0.002982254372909665,0.553516330837368
C01029_N8-Acetylspermidine,d__Bacteria;p__Firmicutes_A;c__Clostridia;o__Oscillospirales;f__CAG-272;g__QALR01;s__QALR01 sp003150035,0.0029820189035187163,-0.0029820189035187163,0.564763397066284
C01029_N8-Acetylspermidine,d__Bacteria;p__Firmicutes_C;c__Negativicutes;o__Veillonellales;f__Dialisteraceae;g__Dialister;s__Dialister invisus,0.0029803826473653316,-0.0029803826473653316,0.564763397066284
C02571_o-Acetylcarnitine,d__Bacteria;p__Proteobacteria;c__Alphaproteobacteria;o__Pelagibacterales;f__Pelagibacteraceae;g__Pelagibacter;s__Pelagibacter sp902556825,0.0029753780302902064,-0.0029753780302902064,0.5033732864546128
C02571_o-Acetylcarnitine,d__Bacteria;p__Proteobacteria;c__Gammaproteobacteria;o__Enterobacterales;f__Enterobacteriaceae;g__Enterobacter_D;s__Enterobacter_D sp001888805,0.0029596442667146525,0.0029596442667146525,0.5033732864546128
C01029_N8-Acetylspermidine,d__Bacteria;p__Bacteroidota;c__Bacteroidia;o__Bacteroidales;f__Bacteroidaceae;g__Paraprevotella;s__Paraprevotella sp910586505,0.0029549244791269302,0.0029549244791269302,0.564763397066284
C01029_N8-Acetylspermidine,d__Bacteria;p__Firmicutes_A;c__Clostridia;o__Lachnospirales;f__Lachnospiraceae;g__Roseburia;s__Roseburia intestinalis,0.0029541444964706898,0.0029541444964706898,0.564763397066284
C02721_N-Methylalanine,d__Bacteria;p__Proteobacteria;c__Alphaproteobacteria;o__Rhizobiales;f__Beijerinckiaceae;g__Microvirga;s__Microvirga guangxiensis,0.0029528558564682803,-0.0029528558564682803,0.5651677334665617
C00431_5-Aminovalerate,d__Bacteria;p__Firmicutes_A;c__Clostridia;o__Oscillospirales;f__CAG-272;g__CAG-272;s__CAG-272 sp900556615,0.002952647783483068,-0.002952647783483068,0.556390977443609
C00431_5-Aminovalerate,d__Bacteria;p__Proteobacteria;c__Alphaproteobacteria;o__Pelagibacterales;f__Pelagibacteraceae;g__Pelagibacter;s__Pelagibacter sp902556825,0.0029483799201746783,-0.0029483799201746783,0.556390977443609
C02721_N-Methylalanine,d__Bacteria;p__Patescibacteria;c__Saccharimonadia;o__Saccharimonadales;f__Nanosynbacteraceae;g__Nanosynbacter;s__Nanosynbacter sp900557595,0.0029409321335454783,-0.0029409321335454783,0.5651677334665617
C03570_Mannosamine,d__Bacteria;p__Firmicutes_C;c__Negativicutes;o__Acidaminococcales;f__Acidaminococcaceae;g__Acidaminococcus;s__Acidaminococcus massiliensis,0.0029319803385684886,0.0029319803385684886,0.5237434453650334
